/*
Navicat MySQL Data Transfer

Source Server         : 12
Source Server Version : 80028
Source Host           : localhost:3306
Source Database       : students

Target Server Type    : MYSQL
Target Server Version : 80028
File Encoding         : 65001

Date: 2023-12-21 16:36:51
*/

SET FOREIGN_KEY_CHECKS=0;

-- ----------------------------
-- Table structure for blood
-- ----------------------------
DROP TABLE IF EXISTS `blood`;
CREATE TABLE `blood` (
`name`  varchar(10) CHARACTER SET utf8mb4 COLLATE utf8mb4_0900_ai_ci NOT NULL 
)
ENGINE=InnoDB
DEFAULT CHARACTER SET=utf8mb4 COLLATE=utf8mb4_0900_ai_ci

;

-- ----------------------------
-- Records of blood
-- ----------------------------
BEGIN;
INSERT INTO `blood` VALUES ('AB型'), ('O型'), ('AB型'), ('O型'), ('AB型'), ('O型'), ('AB型'), ('O型'), ('AB型'), ('O型'), ('AB型'), ('O型'), ('AB型'), ('O型'), ('AB型'), ('O型'), ('AB型'), ('O型'), ('AB型'), ('O型'), ('AB型'), ('O型'), ('AB型'), ('O型'), ('AB型'), ('O型');
COMMIT;

-- ----------------------------
-- Table structure for city
-- ----------------------------
DROP TABLE IF EXISTS `city`;
CREATE TABLE `city` (
`name`  varchar(10) CHARACTER SET utf8mb4 COLLATE utf8mb4_0900_ai_ci NOT NULL 
)
ENGINE=InnoDB
DEFAULT CHARACTER SET=utf8mb4 COLLATE=utf8mb4_0900_ai_ci

;

-- ----------------------------
-- Records of city
-- ----------------------------
BEGIN;
INSERT INTO `city` VALUES ('宁波市'), ('昆山市'), ('宁波市'), ('昆山市'), ('宁波市'), ('昆山市'), ('宁波市'), ('昆山市'), ('宁波市'), ('昆山市'), ('宁波市'), ('昆山市'), ('宁波市'), ('昆山市'), ('宁波市'), ('昆山市'), ('宁波市'), ('昆山市'), ('宁波市'), ('昆山市'), ('宁波市'), ('昆山市');
COMMIT;

-- ----------------------------
-- Table structure for college
-- ----------------------------
DROP TABLE IF EXISTS `college`;
CREATE TABLE `college` (
`name`  varchar(50) CHARACTER SET utf8mb4 COLLATE utf8mb4_0900_ai_ci NOT NULL 
)
ENGINE=InnoDB
DEFAULT CHARACTER SET=utf8mb4 COLLATE=utf8mb4_0900_ai_ci

;

-- ----------------------------
-- Records of college
-- ----------------------------
BEGIN;
INSERT INTO `college` VALUES ('医学院'), ('经济学院'), ('数学科学学院'), ('物理学院'), ('工学院'), ('医学院'), ('经济学院'), ('数学科学学院'), ('物理学院'), ('工学院'), ('医学院'), ('经济学院'), ('数学科学学院'), ('物理学院'), ('工学院'), ('医学院'), ('经济学院'), ('数学科学学院'), ('物理学院'), ('工学院'), ('医学院'), ('经济学院'), ('数学科学学院'), ('物理学院'), ('工学院'), ('医学院'), ('经济学院'), ('数学科学学院'), ('物理学院'), ('工学院'), ('医学院'), ('经济学院'), ('数学科学学院'), ('物理学院'), ('工学院'), ('医学院'), ('经济学院'), ('数学科学学院'), ('物理学院'), ('工学院'), ('医学院'), ('经济学院'), ('数学科学学院'), ('物理学院'), ('工学院'), ('医学院'), ('经济学院'), ('数学科学学院'), ('物理学院'), ('工学院'), ('医学院'), ('经济学院'), ('数学科学学院'), ('物理学院'), ('工学院'), ('医学院'), ('经济学院'), ('数学科学学院'), ('物理学院'), ('工学院'), ('医学院'), ('经济学院'), ('数学科学学院'), ('物理学院'), ('工学院'), ('医学院'), ('经济学院'), ('数学科学学院'), ('物理学院'), ('工学院'), ('医学院'), ('经济学院'), ('数学科学学院'), ('物理学院'), ('工学院'), ('医学院'), ('经济学院'), ('数学科学学院'), ('物理学院'), ('工学院');
COMMIT;

-- ----------------------------
-- Table structure for debt
-- ----------------------------
DROP TABLE IF EXISTS `debt`;
CREATE TABLE `debt` (
`number`  varchar(50) CHARACTER SET utf8mb4 COLLATE utf8mb4_0900_ai_ci NOT NULL ,
`subject`  varchar(50) CHARACTER SET utf8mb4 COLLATE utf8mb4_0900_ai_ci NOT NULL ,
`grade`  varchar(20) CHARACTER SET utf8mb4 COLLATE utf8mb4_0900_ai_ci NOT NULL ,
`type`  varchar(20) CHARACTER SET utf8mb4 COLLATE utf8mb4_0900_ai_ci NOT NULL ,
`date`  varchar(50) CHARACTER SET utf8mb4 COLLATE utf8mb4_0900_ai_ci NOT NULL ,
`semester`  varchar(20) CHARACTER SET utf8mb4 COLLATE utf8mb4_0900_ai_ci NOT NULL ,
`year`  varchar(20) CHARACTER SET utf8mb4 COLLATE utf8mb4_0900_ai_ci NOT NULL ,
`time`  varchar(50) CHARACTER SET utf8mb4 COLLATE utf8mb4_0900_ai_ci NOT NULL 
)
ENGINE=InnoDB
DEFAULT CHARACTER SET=utf8mb4 COLLATE=utf8mb4_0900_ai_ci

;

-- ----------------------------
-- Records of debt
-- ----------------------------
BEGIN;
COMMIT;

-- ----------------------------
-- Table structure for eye
-- ----------------------------
DROP TABLE IF EXISTS `eye`;
CREATE TABLE `eye` (
`name`  varchar(10) CHARACTER SET utf8mb4 COLLATE utf8mb4_0900_ai_ci NOT NULL 
)
ENGINE=InnoDB
DEFAULT CHARACTER SET=utf8mb4 COLLATE=utf8mb4_0900_ai_ci

;

-- ----------------------------
-- Records of eye
-- ----------------------------
BEGIN;
INSERT INTO `eye` VALUES ('褐色'), ('棕色'), ('褐色'), ('棕色'), ('褐色'), ('棕色'), ('褐色'), ('棕色');
COMMIT;

-- ----------------------------
-- Table structure for file
-- ----------------------------
DROP TABLE IF EXISTS `file`;
CREATE TABLE `file` (
`number`  varchar(50) CHARACTER SET utf8mb4 COLLATE utf8mb4_0900_ai_ci NULL DEFAULT NULL ,
`file1`  varchar(100) CHARACTER SET utf8mb4 COLLATE utf8mb4_0900_ai_ci NULL DEFAULT NULL ,
`file2`  varchar(100) CHARACTER SET utf8mb4 COLLATE utf8mb4_0900_ai_ci NULL DEFAULT NULL ,
`file3`  varchar(100) CHARACTER SET utf8mb4 COLLATE utf8mb4_0900_ai_ci NULL DEFAULT NULL ,
`file4`  varchar(100) CHARACTER SET utf8mb4 COLLATE utf8mb4_0900_ai_ci NULL DEFAULT NULL 
)
ENGINE=InnoDB
DEFAULT CHARACTER SET=utf8mb4 COLLATE=utf8mb4_0900_ai_ci

;

-- ----------------------------
-- Records of file
-- ----------------------------
BEGIN;
COMMIT;

-- ----------------------------
-- Table structure for grade
-- ----------------------------
DROP TABLE IF EXISTS `grade`;
CREATE TABLE `grade` (
`number`  varchar(20) CHARACTER SET utf8mb4 COLLATE utf8mb4_0900_ai_ci NOT NULL ,
`subject`  varchar(20) CHARACTER SET utf8mb4 COLLATE utf8mb4_0900_ai_ci NOT NULL ,
`grade`  varchar(20) CHARACTER SET utf8mb4 COLLATE utf8mb4_0900_ai_ci NOT NULL ,
`date`  varchar(20) CHARACTER SET utf8mb4 COLLATE utf8mb4_0900_ai_ci NULL DEFAULT NULL ,
`semester`  varchar(20) CHARACTER SET utf8mb4 COLLATE utf8mb4_0900_ai_ci NOT NULL ,
`year`  varchar(20) CHARACTER SET utf8mb4 COLLATE utf8mb4_0900_ai_ci NOT NULL ,
`time`  varchar(50) CHARACTER SET utf8mb4 COLLATE utf8mb4_0900_ai_ci NOT NULL 
)
ENGINE=InnoDB
DEFAULT CHARACTER SET=utf8mb4 COLLATE=utf8mb4_0900_ai_ci

;

-- ----------------------------
-- Records of grade
-- ----------------------------
BEGIN;
INSERT INTO `grade` VALUES ('1616466001', '大学英语2', '234', '', '1', '2019', 'Mon Mar 15 11:20:36 2021'), ('1616466001', '大学英语2', '234', '', '1', '2019', 'Mon Mar 15 11:20:36 2021');
COMMIT;

-- ----------------------------
-- Table structure for honor
-- ----------------------------
DROP TABLE IF EXISTS `honor`;
CREATE TABLE `honor` (
`number`  varchar(50) CHARACTER SET utf8mb4 COLLATE utf8mb4_0900_ai_ci NOT NULL ,
`name`  varchar(50) CHARACTER SET utf8mb4 COLLATE utf8mb4_0900_ai_ci NOT NULL ,
`level`  varchar(50) CHARACTER SET utf8mb4 COLLATE utf8mb4_0900_ai_ci NOT NULL ,
`date`  varchar(50) CHARACTER SET utf8mb4 COLLATE utf8mb4_0900_ai_ci NOT NULL ,
`semester`  varchar(50) CHARACTER SET utf8mb4 COLLATE utf8mb4_0900_ai_ci NOT NULL ,
`year`  varchar(50) CHARACTER SET utf8mb4 COLLATE utf8mb4_0900_ai_ci NOT NULL ,
`time`  varchar(50) CHARACTER SET utf8mb4 COLLATE utf8mb4_0900_ai_ci NOT NULL 
)
ENGINE=InnoDB
DEFAULT CHARACTER SET=utf8mb4 COLLATE=utf8mb4_0900_ai_ci

;

-- ----------------------------
-- Records of honor
-- ----------------------------
BEGIN;
COMMIT;

-- ----------------------------
-- Table structure for nation
-- ----------------------------
DROP TABLE IF EXISTS `nation`;
CREATE TABLE `nation` (
`name`  varchar(10) CHARACTER SET utf8mb4 COLLATE utf8mb4_0900_ai_ci NOT NULL 
)
ENGINE=InnoDB
DEFAULT CHARACTER SET=utf8mb4 COLLATE=utf8mb4_0900_ai_ci

;

-- ----------------------------
-- Records of nation
-- ----------------------------
BEGIN;
INSERT INTO `nation` VALUES ('汉族'), ('维吾尔族'), ('彝族'), ('苗族'), ('蒙古族');
COMMIT;

-- ----------------------------
-- Table structure for political
-- ----------------------------
DROP TABLE IF EXISTS `political`;
CREATE TABLE `political` (
`name`  varchar(10) CHARACTER SET utf8mb4 COLLATE utf8mb4_0900_ai_ci NOT NULL 
)
ENGINE=InnoDB
DEFAULT CHARACTER SET=utf8mb4 COLLATE=utf8mb4_0900_ai_ci

;

-- ----------------------------
-- Records of political
-- ----------------------------
BEGIN;
INSERT INTO `political` VALUES ('群众'), ('团员'), ('党员'), ('群众'), ('团员'), ('党员'), ('群众'), ('团员'), ('党员');
COMMIT;

-- ----------------------------
-- Table structure for profession
-- ----------------------------
DROP TABLE IF EXISTS `profession`;
CREATE TABLE `profession` (
`name`  varchar(50) CHARACTER SET utf8mb4 COLLATE utf8mb4_0900_ai_ci NOT NULL 
)
ENGINE=InnoDB
DEFAULT CHARACTER SET=utf8mb4 COLLATE=utf8mb4_0900_ai_ci

;

-- ----------------------------
-- Records of profession
-- ----------------------------
BEGIN;
INSERT INTO `profession` VALUES ('计算机科学与技术'), ('数学');
COMMIT;

-- ----------------------------
-- Table structure for province
-- ----------------------------
DROP TABLE IF EXISTS `province`;
CREATE TABLE `province` (
`name`  varchar(10) CHARACTER SET utf8mb4 COLLATE utf8mb4_0900_ai_ci NOT NULL 
)
ENGINE=InnoDB
DEFAULT CHARACTER SET=utf8mb4 COLLATE=utf8mb4_0900_ai_ci

;

-- ----------------------------
-- Records of province
-- ----------------------------
BEGIN;
INSERT INTO `province` VALUES (''), ('浙江省'), ('江苏省'), ('河北省'), ('山西省'), ('辽宁省'), ('河南省'), ('四川省'), ('湖北省'), ('安徽省'), ('海南省');
COMMIT;

-- ----------------------------
-- Table structure for punish
-- ----------------------------
DROP TABLE IF EXISTS `punish`;
CREATE TABLE `punish` (
`number`  varchar(50) CHARACTER SET utf8mb4 COLLATE utf8mb4_0900_ai_ci NOT NULL ,
`reason`  varchar(50) CHARACTER SET utf8mb4 COLLATE utf8mb4_0900_ai_ci NOT NULL ,
`handling`  varchar(50) CHARACTER SET utf8mb4 COLLATE utf8mb4_0900_ai_ci NOT NULL ,
`date`  varchar(50) CHARACTER SET utf8mb4 COLLATE utf8mb4_0900_ai_ci NOT NULL ,
`semester`  varchar(50) CHARACTER SET utf8mb4 COLLATE utf8mb4_0900_ai_ci NOT NULL ,
`year`  varchar(50) CHARACTER SET utf8mb4 COLLATE utf8mb4_0900_ai_ci NOT NULL ,
`result`  varchar(50) CHARACTER SET utf8mb4 COLLATE utf8mb4_0900_ai_ci NOT NULL ,
`time`  varchar(50) CHARACTER SET utf8mb4 COLLATE utf8mb4_0900_ai_ci NOT NULL 
)
ENGINE=InnoDB
DEFAULT CHARACTER SET=utf8mb4 COLLATE=utf8mb4_0900_ai_ci

;

-- ----------------------------
-- Records of punish
-- ----------------------------
BEGIN;
COMMIT;

-- ----------------------------
-- Table structure for scholarship
-- ----------------------------
DROP TABLE IF EXISTS `scholarship`;
CREATE TABLE `scholarship` (
`number`  varchar(50) CHARACTER SET utf8mb4 COLLATE utf8mb4_0900_ai_ci NOT NULL ,
`count`  varchar(20) CHARACTER SET utf8mb4 COLLATE utf8mb4_0900_ai_ci NOT NULL ,
`date`  varchar(20) CHARACTER SET utf8mb4 COLLATE utf8mb4_0900_ai_ci NOT NULL ,
`semester`  varchar(20) CHARACTER SET utf8mb4 COLLATE utf8mb4_0900_ai_ci NOT NULL ,
`year`  varchar(20) CHARACTER SET utf8mb4 COLLATE utf8mb4_0900_ai_ci NOT NULL ,
`time`  varchar(50) CHARACTER SET utf8mb4 COLLATE utf8mb4_0900_ai_ci NOT NULL 
)
ENGINE=InnoDB
DEFAULT CHARACTER SET=utf8mb4 COLLATE=utf8mb4_0900_ai_ci

;

-- ----------------------------
-- Records of scholarship
-- ----------------------------
BEGIN;
COMMIT;

-- ----------------------------
-- Table structure for semester
-- ----------------------------
DROP TABLE IF EXISTS `semester`;
CREATE TABLE `semester` (
`name`  varchar(10) CHARACTER SET utf8mb4 COLLATE utf8mb4_0900_ai_ci NOT NULL 
)
ENGINE=InnoDB
DEFAULT CHARACTER SET=utf8mb4 COLLATE=utf8mb4_0900_ai_ci

;

-- ----------------------------
-- Records of semester
-- ----------------------------
BEGIN;
INSERT INTO `semester` VALUES ('1'), ('2'), ('1'), ('2');
COMMIT;

-- ----------------------------
-- Table structure for skin
-- ----------------------------
DROP TABLE IF EXISTS `skin`;
CREATE TABLE `skin` (
`name`  varchar(10) CHARACTER SET utf8mb4 COLLATE utf8mb4_0900_ai_ci NOT NULL 
)
ENGINE=InnoDB
DEFAULT CHARACTER SET=utf8mb4 COLLATE=utf8mb4_0900_ai_ci

;

-- ----------------------------
-- Records of skin
-- ----------------------------
BEGIN;
INSERT INTO `skin` VALUES ('黄色'), ('白色');
COMMIT;

-- ----------------------------
-- Table structure for socialstatus
-- ----------------------------
DROP TABLE IF EXISTS `socialstatus`;
CREATE TABLE `socialstatus` (
`name`  varchar(10) CHARACTER SET utf8mb4 COLLATE utf8mb4_0900_ai_ci NOT NULL 
)
ENGINE=InnoDB
DEFAULT CHARACTER SET=utf8mb4 COLLATE=utf8mb4_0900_ai_ci

;

-- ----------------------------
-- Records of socialstatus
-- ----------------------------
BEGIN;
INSERT INTO `socialstatus` VALUES ('微博'), ('QQ'), ('Facebook');
COMMIT;

-- ----------------------------
-- Table structure for status
-- ----------------------------
DROP TABLE IF EXISTS `status`;
CREATE TABLE `status` (
`name`  varchar(10) CHARACTER SET utf8mb4 COLLATE utf8mb4_0900_ai_ci NOT NULL 
)
ENGINE=InnoDB
DEFAULT CHARACTER SET=utf8mb4 COLLATE=utf8mb4_0900_ai_ci

;

-- ----------------------------
-- Records of status
-- ----------------------------
BEGIN;
INSERT INTO `status` VALUES ('在校'), ('毕业'), ('隔离'), ('在校'), ('毕业'), ('隔离');
COMMIT;

-- ----------------------------
-- Table structure for studentinfo
-- ----------------------------
DROP TABLE IF EXISTS `studentinfo`;
CREATE TABLE `studentinfo` (
`name`  varchar(20) CHARACTER SET utf8mb4 COLLATE utf8mb4_0900_ai_ci NOT NULL ,
`number`  varchar(50) CHARACTER SET utf8mb4 COLLATE utf8mb4_0900_ai_ci NOT NULL ,
`sex`  varchar(10) CHARACTER SET utf8mb4 COLLATE utf8mb4_0900_ai_ci NOT NULL ,
`nation`  varchar(10) CHARACTER SET utf8mb4 COLLATE utf8mb4_0900_ai_ci NOT NULL ,
`political`  varchar(10) CHARACTER SET utf8mb4 COLLATE utf8mb4_0900_ai_ci NOT NULL ,
`birthData`  varchar(20) CHARACTER SET utf8mb4 COLLATE utf8mb4_0900_ai_ci NOT NULL ,
`birthPlace`  varchar(50) CHARACTER SET utf8mb4 COLLATE utf8mb4_0900_ai_ci NOT NULL ,
`idCard`  varchar(50) CHARACTER SET utf8mb4 COLLATE utf8mb4_0900_ai_ci NOT NULL ,
`province`  varchar(50) CHARACTER SET utf8mb4 COLLATE utf8mb4_0900_ai_ci NOT NULL ,
`city`  varchar(50) CHARACTER SET utf8mb4 COLLATE utf8mb4_0900_ai_ci NOT NULL ,
`university`  varchar(50) CHARACTER SET utf8mb4 COLLATE utf8mb4_0900_ai_ci NOT NULL ,
`college`  varchar(50) CHARACTER SET utf8mb4 COLLATE utf8mb4_0900_ai_ci NOT NULL ,
`profession`  varchar(50) CHARACTER SET utf8mb4 COLLATE utf8mb4_0900_ai_ci NOT NULL ,
`status`  varchar(10) CHARACTER SET utf8mb4 COLLATE utf8mb4_0900_ai_ci NOT NULL ,
`dataOfAdmission`  varchar(20) CHARACTER SET utf8mb4 COLLATE utf8mb4_0900_ai_ci NOT NULL ,
`dataOfGraduation`  varchar(20) CHARACTER SET utf8mb4 COLLATE utf8mb4_0900_ai_ci NOT NULL ,
`homeAddress`  varchar(50) CHARACTER SET utf8mb4 COLLATE utf8mb4_0900_ai_ci NOT NULL ,
`phone`  varchar(20) CHARACTER SET utf8mb4 COLLATE utf8mb4_0900_ai_ci NOT NULL ,
`socialStatus`  varchar(10) CHARACTER SET utf8mb4 COLLATE utf8mb4_0900_ai_ci NOT NULL ,
`blood`  varchar(10) CHARACTER SET utf8mb4 COLLATE utf8mb4_0900_ai_ci NOT NULL ,
`eye`  varchar(10) CHARACTER SET utf8mb4 COLLATE utf8mb4_0900_ai_ci NOT NULL ,
`skin`  varchar(10) CHARACTER SET utf8mb4 COLLATE utf8mb4_0900_ai_ci NOT NULL ,
`fatherName`  varchar(20) CHARACTER SET utf8mb4 COLLATE utf8mb4_0900_ai_ci NOT NULL ,
`fatherWork`  varchar(20) CHARACTER SET utf8mb4 COLLATE utf8mb4_0900_ai_ci NOT NULL ,
`motherName`  varchar(20) CHARACTER SET utf8mb4 COLLATE utf8mb4_0900_ai_ci NOT NULL ,
`motherWork`  varchar(20) CHARACTER SET utf8mb4 COLLATE utf8mb4_0900_ai_ci NOT NULL ,
`parentOtherInformation`  varchar(200) CHARACTER SET utf8mb4 COLLATE utf8mb4_0900_ai_ci NULL DEFAULT NULL ,
`photo`  varchar(50) CHARACTER SET utf8mb4 COLLATE utf8mb4_0900_ai_ci NULL DEFAULT NULL ,
`otherInterest`  varchar(200) CHARACTER SET utf8mb4 COLLATE utf8mb4_0900_ai_ci NULL DEFAULT NULL 
)
ENGINE=InnoDB
DEFAULT CHARACTER SET=utf8mb4 COLLATE=utf8mb4_0900_ai_ci

;

-- ----------------------------
-- Records of studentinfo
-- ----------------------------
BEGIN;
INSERT INTO `studentinfo` VALUES ('陈1', '1616466001', '男', '汉族', '群众', '4/12/1998', '江苏省苏州市昆山市', '320583199804122568', '浙江省', '昆山市', '苏州大学', '工学院', '计算机科学与技术', '毕业', '9/1/2016', '7/1/2020', '江苏省苏州市昆山市', '13913271901', 'QQ', 'AB型', '褐色', '黄色', '陈11', '为国家工作', '陈12', '自由职业者', '', '', '篮球'), ('陈2', '1616466002', '女', '汉族', '群众', '4/5/1997', '江苏省苏州市昆山市', '320583199704052565', '浙江省', '昆山市', '苏州大学', '工学院', '计算机科学与技术', '在校', '9/1/2016', '7/1/2020', '江苏省苏州市昆山市', '13913271902', 'QQ', 'AB型', '褐色', '黄色', '陈21', '为国家工作', '陈22', '自由职业者', '', '', '篮球'), ('陈3', '1616466003', '男', '汉族', '群众', '12/1/1997', '江苏省苏州市昆山市', '320583199804122568', '河北省', '昆山市', '苏州大学', '工学院', '计算机科学与技术', '在校', '1/9/2016', '1/7/2020', '江苏省苏州市昆山市', '13913271903', 'QQ', 'AB型', '褐色', '黄色', '陈31', '为国家工作', '陈32', '自由职业者', '', '', '篮球'), ('陈4', '1616466004', '男', '汉族', '群众', '1/1/2000', '江苏省苏州市昆山市', '320583199804122568', '安徽省', '昆山市', '苏州大学', '工学院', '计算机科学与技术', '在校', '1/9/2016', '1/7/2020', '江苏省苏州市昆山市', '13913271904', 'QQ', 'AB型', '褐色', '黄色', '陈41', '为国家工作', '陈42', '自由职业者', '', '', '篮球'), ('陈5', '1616466005', '男', '汉族', '群众', '2/7/1997', '江苏省苏州市昆山市', '320583199804122568', '江苏省', '昆山市', '苏州大学', '工学院', '计算机科学与技术', '在校', '9/1/2016', '7/1/2020', '江苏省苏州市昆山市', '13913271905', 'QQ', 'AB型', '褐色', '黄色', '陈51', '为国家工作', '陈52', '自由职业者', '', '', '篮球'), ('陈6', '1616466006', '男', '汉族', '群众', '6/6/1997', '江苏省苏州市昆山市', '320583199804122568', '安徽省', '昆山市', '苏州大学', '工学院', '计算机科学与技术', '在校', '1/9/2016', '1/7/2020', '江苏省苏州市昆山市', '13913271906', 'QQ', 'AB型', '褐色', '黄色', '陈61', '为国家工作', '陈62', '自由职业者', '', '', '篮球'), ('陈7', '1616466007', '男', '汉族', '群众', '5/5/1998', '江苏省苏州市昆山市', '320583199804122568', '湖北省', '昆山市', '苏州大学', '工学院', '计算机科学与技术', '在校', '1/9/2016', '1/7/2020', '江苏省苏州市昆山市', '13913271907', 'QQ', 'AB型', '褐色', '黄色', '陈72', '为国家工作', '陈72', '自由职业者', '', '', '篮球'), ('陈8', '1616466008', '男', '汉族', '群众', '2/9/1997', '江苏省苏州市昆山市', '320583199804122568', '浙江省', '昆山市', '苏州大学', '工学院', '计算机科学与技术', '在校', '1/9/2016', '1/7/2020', '江苏省苏州市昆山市', '13913271908', 'QQ', 'AB型', '褐色', '黄色', '陈81', '为国家工作', '陈82', '自由职业者', '', '', '篮球'), ('陈9', '1616466009', '男', '汉族', '群众', '7/7/1998', '江苏省苏州市昆山市', '320583199804122568', '江苏省', '昆山市', '苏州大学', '工学院', '计算机科学与技术', '在校', '9/1/2016', '7/1/2020', '江苏省苏州市昆山市', '13913271909', 'QQ', 'AB型', '褐色', '黄色', '陈91', '为国家工作', '陈92', '自由职业者', '', '', '篮球'), ('陈10', '1616466010', '男', '汉族', '群众', '5/2/1997', '江苏省苏州市昆山市', '320583199804122568', '江苏省', '昆山市', '苏州大学', '工学院', '计算机科学与技术', '在校', '9/1/2016', '7/1/2020', '江苏省苏州市昆山市', '13913271910', 'QQ', 'AB型', '褐色', '黄色', '陈101', '为国家工作', '陈02', '自由职业者', '', '', '篮球'), ('陈1', '1616466001', '男', '汉族', '群众', '4/12/1998', '江苏省苏州市昆山市', '320583199804122568', '浙江省', '昆山市', '苏州大学', '工学院', '计算机科学与技术', '毕业', '9/1/2016', '7/1/2020', '江苏省苏州市昆山市', '13913271901', 'QQ', 'AB型', '褐色', '黄色', '陈11', '为国家工作', '陈12', '自由职业者', '', '', '篮球'), ('陈2', '1616466002', '女', '汉族', '群众', '4/5/1997', '江苏省苏州市昆山市', '320583199704052565', '浙江省', '昆山市', '苏州大学', '工学院', '计算机科学与技术', '在校', '9/1/2016', '7/1/2020', '江苏省苏州市昆山市', '13913271902', 'QQ', 'AB型', '褐色', '黄色', '陈21', '为国家工作', '陈22', '自由职业者', '', '', '篮球'), ('陈3', '1616466003', '男', '汉族', '群众', '12/1/1997', '江苏省苏州市昆山市', '320583199804122568', '河北省', '昆山市', '苏州大学', '工学院', '计算机科学与技术', '在校', '1/9/2016', '1/7/2020', '江苏省苏州市昆山市', '13913271903', 'QQ', 'AB型', '褐色', '黄色', '陈31', '为国家工作', '陈32', '自由职业者', '', '', '篮球'), ('陈4', '1616466004', '男', '汉族', '群众', '1/1/2000', '江苏省苏州市昆山市', '320583199804122568', '安徽省', '昆山市', '苏州大学', '工学院', '计算机科学与技术', '在校', '1/9/2016', '1/7/2020', '江苏省苏州市昆山市', '13913271904', 'QQ', 'AB型', '褐色', '黄色', '陈41', '为国家工作', '陈42', '自由职业者', '', '', '篮球'), ('陈5', '1616466005', '男', '汉族', '群众', '2/7/1997', '江苏省苏州市昆山市', '320583199804122568', '江苏省', '昆山市', '苏州大学', '工学院', '计算机科学与技术', '在校', '9/1/2016', '7/1/2020', '江苏省苏州市昆山市', '13913271905', 'QQ', 'AB型', '褐色', '黄色', '陈51', '为国家工作', '陈52', '自由职业者', '', '', '篮球'), ('陈6', '1616466006', '男', '汉族', '群众', '6/6/1997', '江苏省苏州市昆山市', '320583199804122568', '安徽省', '昆山市', '苏州大学', '工学院', '计算机科学与技术', '在校', '1/9/2016', '1/7/2020', '江苏省苏州市昆山市', '13913271906', 'QQ', 'AB型', '褐色', '黄色', '陈61', '为国家工作', '陈62', '自由职业者', '', '', '篮球'), ('陈7', '1616466007', '男', '汉族', '群众', '5/5/1998', '江苏省苏州市昆山市', '320583199804122568', '湖北省', '昆山市', '苏州大学', '工学院', '计算机科学与技术', '在校', '1/9/2016', '1/7/2020', '江苏省苏州市昆山市', '13913271907', 'QQ', 'AB型', '褐色', '黄色', '陈72', '为国家工作', '陈72', '自由职业者', '', '', '篮球'), ('陈8', '1616466008', '男', '汉族', '群众', '2/9/1997', '江苏省苏州市昆山市', '320583199804122568', '浙江省', '昆山市', '苏州大学', '工学院', '计算机科学与技术', '在校', '1/9/2016', '1/7/2020', '江苏省苏州市昆山市', '13913271908', 'QQ', 'AB型', '褐色', '黄色', '陈81', '为国家工作', '陈82', '自由职业者', '', '', '篮球'), ('陈9', '1616466009', '男', '汉族', '群众', '7/7/1998', '江苏省苏州市昆山市', '320583199804122568', '江苏省', '昆山市', '苏州大学', '工学院', '计算机科学与技术', '在校', '9/1/2016', '7/1/2020', '江苏省苏州市昆山市', '13913271909', 'QQ', 'AB型', '褐色', '黄色', '陈91', '为国家工作', '陈92', '自由职业者', '', '', '篮球'), ('陈10', '1616466010', '男', '汉族', '群众', '5/2/1997', '江苏省苏州市昆山市', '320583199804122568', '江苏省', '昆山市', '苏州大学', '工学院', '计算机科学与技术', '在校', '9/1/2016', '7/1/2020', '江苏省苏州市昆山市', '13913271910', 'QQ', 'AB型', '褐色', '黄色', '陈101', '为国家工作', '陈02', '自由职业者', '', '', '篮球'), ('陈1', '1616466001', '男', '汉族', '群众', '4/12/1998', '江苏省苏州市昆山市', '320583199804122568', '浙江省', '昆山市', '苏州大学', '工学院', '计算机科学与技术', '毕业', '9/1/2016', '7/1/2020', '江苏省苏州市昆山市', '13913271901', 'QQ', 'AB型', '褐色', '黄色', '陈11', '为国家工作', '陈12', '自由职业者', '', '', '篮球'), ('陈2', '1616466002', '女', '汉族', '群众', '4/5/1997', '江苏省苏州市昆山市', '320583199704052565', '浙江省', '昆山市', '苏州大学', '工学院', '计算机科学与技术', '在校', '9/1/2016', '7/1/2020', '江苏省苏州市昆山市', '13913271902', 'QQ', 'AB型', '褐色', '黄色', '陈21', '为国家工作', '陈22', '自由职业者', '', '', '篮球'), ('陈3', '1616466003', '男', '汉族', '群众', '12/1/1997', '江苏省苏州市昆山市', '320583199804122568', '河北省', '昆山市', '苏州大学', '工学院', '计算机科学与技术', '在校', '1/9/2016', '1/7/2020', '江苏省苏州市昆山市', '13913271903', 'QQ', 'AB型', '褐色', '黄色', '陈31', '为国家工作', '陈32', '自由职业者', '', '', '篮球'), ('陈4', '1616466004', '男', '汉族', '群众', '1/1/2000', '江苏省苏州市昆山市', '320583199804122568', '安徽省', '昆山市', '苏州大学', '工学院', '计算机科学与技术', '在校', '1/9/2016', '1/7/2020', '江苏省苏州市昆山市', '13913271904', 'QQ', 'AB型', '褐色', '黄色', '陈41', '为国家工作', '陈42', '自由职业者', '', '', '篮球'), ('陈5', '1616466005', '男', '汉族', '群众', '2/7/1997', '江苏省苏州市昆山市', '320583199804122568', '江苏省', '昆山市', '苏州大学', '工学院', '计算机科学与技术', '在校', '9/1/2016', '7/1/2020', '江苏省苏州市昆山市', '13913271905', 'QQ', 'AB型', '褐色', '黄色', '陈51', '为国家工作', '陈52', '自由职业者', '', '', '篮球'), ('陈6', '1616466006', '男', '汉族', '群众', '6/6/1997', '江苏省苏州市昆山市', '320583199804122568', '安徽省', '昆山市', '苏州大学', '工学院', '计算机科学与技术', '在校', '1/9/2016', '1/7/2020', '江苏省苏州市昆山市', '13913271906', 'QQ', 'AB型', '褐色', '黄色', '陈61', '为国家工作', '陈62', '自由职业者', '', '', '篮球'), ('陈7', '1616466007', '男', '汉族', '群众', '5/5/1998', '江苏省苏州市昆山市', '320583199804122568', '湖北省', '昆山市', '苏州大学', '工学院', '计算机科学与技术', '在校', '1/9/2016', '1/7/2020', '江苏省苏州市昆山市', '13913271907', 'QQ', 'AB型', '褐色', '黄色', '陈72', '为国家工作', '陈72', '自由职业者', '', '', '篮球'), ('陈8', '1616466008', '男', '汉族', '群众', '2/9/1997', '江苏省苏州市昆山市', '320583199804122568', '浙江省', '昆山市', '苏州大学', '工学院', '计算机科学与技术', '在校', '1/9/2016', '1/7/2020', '江苏省苏州市昆山市', '13913271908', 'QQ', 'AB型', '褐色', '黄色', '陈81', '为国家工作', '陈82', '自由职业者', '', '', '篮球'), ('陈9', '1616466009', '男', '汉族', '群众', '7/7/1998', '江苏省苏州市昆山市', '320583199804122568', '江苏省', '昆山市', '苏州大学', '工学院', '计算机科学与技术', '在校', '9/1/2016', '7/1/2020', '江苏省苏州市昆山市', '13913271909', 'QQ', 'AB型', '褐色', '黄色', '陈91', '为国家工作', '陈92', '自由职业者', '', '', '篮球'), ('陈10', '1616466010', '男', '汉族', '群众', '5/2/1997', '江苏省苏州市昆山市', '320583199804122568', '江苏省', '昆山市', '苏州大学', '工学院', '计算机科学与技术', '在校', '9/1/2016', '7/1/2020', '江苏省苏州市昆山市', '13913271910', 'QQ', 'AB型', '褐色', '黄色', '陈101', '为国家工作', '陈02', '自由职业者', '', '', '篮球'), ('陈1', '1616466001', '男', '汉族', '群众', '4/12/1998', '江苏省苏州市昆山市', '320583199804122568', '浙江省', '昆山市', '苏州大学', '工学院', '计算机科学与技术', '毕业', '9/1/2016', '7/1/2020', '江苏省苏州市昆山市', '13913271901', 'QQ', 'AB型', '褐色', '黄色', '陈11', '为国家工作', '陈12', '自由职业者', '', '', '篮球'), ('陈2', '1616466002', '女', '汉族', '群众', '4/5/1997', '江苏省苏州市昆山市', '320583199704052565', '浙江省', '昆山市', '苏州大学', '工学院', '计算机科学与技术', '在校', '9/1/2016', '7/1/2020', '江苏省苏州市昆山市', '13913271902', 'QQ', 'AB型', '褐色', '黄色', '陈21', '为国家工作', '陈22', '自由职业者', '', '', '篮球'), ('陈3', '1616466003', '男', '汉族', '群众', '12/1/1997', '江苏省苏州市昆山市', '320583199804122568', '河北省', '昆山市', '苏州大学', '工学院', '计算机科学与技术', '在校', '1/9/2016', '1/7/2020', '江苏省苏州市昆山市', '13913271903', 'QQ', 'AB型', '褐色', '黄色', '陈31', '为国家工作', '陈32', '自由职业者', '', '', '篮球'), ('陈4', '1616466004', '男', '汉族', '群众', '1/1/2000', '江苏省苏州市昆山市', '320583199804122568', '安徽省', '昆山市', '苏州大学', '工学院', '计算机科学与技术', '在校', '1/9/2016', '1/7/2020', '江苏省苏州市昆山市', '13913271904', 'QQ', 'AB型', '褐色', '黄色', '陈41', '为国家工作', '陈42', '自由职业者', '', '', '篮球'), ('陈5', '1616466005', '男', '汉族', '群众', '2/7/1997', '江苏省苏州市昆山市', '320583199804122568', '江苏省', '昆山市', '苏州大学', '工学院', '计算机科学与技术', '在校', '9/1/2016', '7/1/2020', '江苏省苏州市昆山市', '13913271905', 'QQ', 'AB型', '褐色', '黄色', '陈51', '为国家工作', '陈52', '自由职业者', '', '', '篮球'), ('陈6', '1616466006', '男', '汉族', '群众', '6/6/1997', '江苏省苏州市昆山市', '320583199804122568', '安徽省', '昆山市', '苏州大学', '工学院', '计算机科学与技术', '在校', '1/9/2016', '1/7/2020', '江苏省苏州市昆山市', '13913271906', 'QQ', 'AB型', '褐色', '黄色', '陈61', '为国家工作', '陈62', '自由职业者', '', '', '篮球'), ('陈7', '1616466007', '男', '汉族', '群众', '5/5/1998', '江苏省苏州市昆山市', '320583199804122568', '湖北省', '昆山市', '苏州大学', '工学院', '计算机科学与技术', '在校', '1/9/2016', '1/7/2020', '江苏省苏州市昆山市', '13913271907', 'QQ', 'AB型', '褐色', '黄色', '陈72', '为国家工作', '陈72', '自由职业者', '', '', '篮球'), ('陈8', '1616466008', '男', '汉族', '群众', '2/9/1997', '江苏省苏州市昆山市', '320583199804122568', '浙江省', '昆山市', '苏州大学', '工学院', '计算机科学与技术', '在校', '1/9/2016', '1/7/2020', '江苏省苏州市昆山市', '13913271908', 'QQ', 'AB型', '褐色', '黄色', '陈81', '为国家工作', '陈82', '自由职业者', '', '', '篮球'), ('陈9', '1616466009', '男', '汉族', '群众', '7/7/1998', '江苏省苏州市昆山市', '320583199804122568', '江苏省', '昆山市', '苏州大学', '工学院', '计算机科学与技术', '在校', '9/1/2016', '7/1/2020', '江苏省苏州市昆山市', '13913271909', 'QQ', 'AB型', '褐色', '黄色', '陈91', '为国家工作', '陈92', '自由职业者', '', '', '篮球'), ('陈10', '1616466010', '男', '汉族', '群众', '5/2/1997', '江苏省苏州市昆山市', '320583199804122568', '江苏省', '昆山市', '苏州大学', '工学院', '计算机科学与技术', '在校', '9/1/2016', '7/1/2020', '江苏省苏州市昆山市', '13913271910', 'QQ', 'AB型', '褐色', '黄色', '陈101', '为国家工作', '陈02', '自由职业者', '', '', '篮球'), ('陈1', '1616466001', '男', '汉族', '群众', '4/12/1998', '江苏省苏州市昆山市', '320583199804122568', '浙江省', '昆山市', '苏州大学', '工学院', '计算机科学与技术', '毕业', '9/1/2016', '7/1/2020', '江苏省苏州市昆山市', '13913271901', 'QQ', 'AB型', '褐色', '黄色', '陈11', '为国家工作', '陈12', '自由职业者', '', '', '篮球'), ('陈2', '1616466002', '女', '汉族', '群众', '4/5/1997', '江苏省苏州市昆山市', '320583199704052565', '浙江省', '昆山市', '苏州大学', '工学院', '计算机科学与技术', '在校', '9/1/2016', '7/1/2020', '江苏省苏州市昆山市', '13913271902', 'QQ', 'AB型', '褐色', '黄色', '陈21', '为国家工作', '陈22', '自由职业者', '', '', '篮球'), ('陈3', '1616466003', '男', '汉族', '群众', '12/1/1997', '江苏省苏州市昆山市', '320583199804122568', '河北省', '昆山市', '苏州大学', '工学院', '计算机科学与技术', '在校', '1/9/2016', '1/7/2020', '江苏省苏州市昆山市', '13913271903', 'QQ', 'AB型', '褐色', '黄色', '陈31', '为国家工作', '陈32', '自由职业者', '', '', '篮球'), ('陈4', '1616466004', '男', '汉族', '群众', '1/1/2000', '江苏省苏州市昆山市', '320583199804122568', '安徽省', '昆山市', '苏州大学', '工学院', '计算机科学与技术', '在校', '1/9/2016', '1/7/2020', '江苏省苏州市昆山市', '13913271904', 'QQ', 'AB型', '褐色', '黄色', '陈41', '为国家工作', '陈42', '自由职业者', '', '', '篮球'), ('陈5', '1616466005', '男', '汉族', '群众', '2/7/1997', '江苏省苏州市昆山市', '320583199804122568', '江苏省', '昆山市', '苏州大学', '工学院', '计算机科学与技术', '在校', '9/1/2016', '7/1/2020', '江苏省苏州市昆山市', '13913271905', 'QQ', 'AB型', '褐色', '黄色', '陈51', '为国家工作', '陈52', '自由职业者', '', '', '篮球'), ('陈6', '1616466006', '男', '汉族', '群众', '6/6/1997', '江苏省苏州市昆山市', '320583199804122568', '安徽省', '昆山市', '苏州大学', '工学院', '计算机科学与技术', '在校', '1/9/2016', '1/7/2020', '江苏省苏州市昆山市', '13913271906', 'QQ', 'AB型', '褐色', '黄色', '陈61', '为国家工作', '陈62', '自由职业者', '', '', '篮球'), ('陈7', '1616466007', '男', '汉族', '群众', '5/5/1998', '江苏省苏州市昆山市', '320583199804122568', '湖北省', '昆山市', '苏州大学', '工学院', '计算机科学与技术', '在校', '1/9/2016', '1/7/2020', '江苏省苏州市昆山市', '13913271907', 'QQ', 'AB型', '褐色', '黄色', '陈72', '为国家工作', '陈72', '自由职业者', '', '', '篮球'), ('陈8', '1616466008', '男', '汉族', '群众', '2/9/1997', '江苏省苏州市昆山市', '320583199804122568', '浙江省', '昆山市', '苏州大学', '工学院', '计算机科学与技术', '在校', '1/9/2016', '1/7/2020', '江苏省苏州市昆山市', '13913271908', 'QQ', 'AB型', '褐色', '黄色', '陈81', '为国家工作', '陈82', '自由职业者', '', '', '篮球'), ('陈9', '1616466009', '男', '汉族', '群众', '7/7/1998', '江苏省苏州市昆山市', '320583199804122568', '江苏省', '昆山市', '苏州大学', '工学院', '计算机科学与技术', '在校', '9/1/2016', '7/1/2020', '江苏省苏州市昆山市', '13913271909', 'QQ', 'AB型', '褐色', '黄色', '陈91', '为国家工作', '陈92', '自由职业者', '', '', '篮球'), ('陈10', '1616466010', '男', '汉族', '群众', '5/2/1997', '江苏省苏州市昆山市', '320583199804122568', '江苏省', '昆山市', '苏州大学', '工学院', '计算机科学与技术', '在校', '9/1/2016', '7/1/2020', '江苏省苏州市昆山市', '13913271910', 'QQ', 'AB型', '褐色', '黄色', '陈101', '为国家工作', '陈02', '自由职业者', '', '', '篮球'), ('陈1', '1616466001', '男', '汉族', '群众', '4/12/1998', '江苏省苏州市昆山市', '320583199804122568', '浙江省', '昆山市', '苏州大学', '工学院', '计算机科学与技术', '毕业', '9/1/2016', '7/1/2020', '江苏省苏州市昆山市', '13913271901', 'QQ', 'AB型', '褐色', '黄色', '陈11', '为国家工作', '陈12', '自由职业者', '', '', '篮球'), ('陈2', '1616466002', '女', '汉族', '群众', '4/5/1997', '江苏省苏州市昆山市', '320583199704052565', '浙江省', '昆山市', '苏州大学', '工学院', '计算机科学与技术', '在校', '9/1/2016', '7/1/2020', '江苏省苏州市昆山市', '13913271902', 'QQ', 'AB型', '褐色', '黄色', '陈21', '为国家工作', '陈22', '自由职业者', '', '', '篮球'), ('陈3', '1616466003', '男', '汉族', '群众', '12/1/1997', '江苏省苏州市昆山市', '320583199804122568', '河北省', '昆山市', '苏州大学', '工学院', '计算机科学与技术', '在校', '1/9/2016', '1/7/2020', '江苏省苏州市昆山市', '13913271903', 'QQ', 'AB型', '褐色', '黄色', '陈31', '为国家工作', '陈32', '自由职业者', '', '', '篮球'), ('陈4', '1616466004', '男', '汉族', '群众', '1/1/2000', '江苏省苏州市昆山市', '320583199804122568', '安徽省', '昆山市', '苏州大学', '工学院', '计算机科学与技术', '在校', '1/9/2016', '1/7/2020', '江苏省苏州市昆山市', '13913271904', 'QQ', 'AB型', '褐色', '黄色', '陈41', '为国家工作', '陈42', '自由职业者', '', '', '篮球'), ('陈5', '1616466005', '男', '汉族', '群众', '2/7/1997', '江苏省苏州市昆山市', '320583199804122568', '江苏省', '昆山市', '苏州大学', '工学院', '计算机科学与技术', '在校', '9/1/2016', '7/1/2020', '江苏省苏州市昆山市', '13913271905', 'QQ', 'AB型', '褐色', '黄色', '陈51', '为国家工作', '陈52', '自由职业者', '', '', '篮球'), ('陈6', '1616466006', '男', '汉族', '群众', '6/6/1997', '江苏省苏州市昆山市', '320583199804122568', '安徽省', '昆山市', '苏州大学', '工学院', '计算机科学与技术', '在校', '1/9/2016', '1/7/2020', '江苏省苏州市昆山市', '13913271906', 'QQ', 'AB型', '褐色', '黄色', '陈61', '为国家工作', '陈62', '自由职业者', '', '', '篮球'), ('陈7', '1616466007', '男', '汉族', '群众', '5/5/1998', '江苏省苏州市昆山市', '320583199804122568', '湖北省', '昆山市', '苏州大学', '工学院', '计算机科学与技术', '在校', '1/9/2016', '1/7/2020', '江苏省苏州市昆山市', '13913271907', 'QQ', 'AB型', '褐色', '黄色', '陈72', '为国家工作', '陈72', '自由职业者', '', '', '篮球'), ('陈8', '1616466008', '男', '汉族', '群众', '2/9/1997', '江苏省苏州市昆山市', '320583199804122568', '浙江省', '昆山市', '苏州大学', '工学院', '计算机科学与技术', '在校', '1/9/2016', '1/7/2020', '江苏省苏州市昆山市', '13913271908', 'QQ', 'AB型', '褐色', '黄色', '陈81', '为国家工作', '陈82', '自由职业者', '', '', '篮球'), ('陈9', '1616466009', '男', '汉族', '群众', '7/7/1998', '江苏省苏州市昆山市', '320583199804122568', '江苏省', '昆山市', '苏州大学', '工学院', '计算机科学与技术', '在校', '9/1/2016', '7/1/2020', '江苏省苏州市昆山市', '13913271909', 'QQ', 'AB型', '褐色', '黄色', '陈91', '为国家工作', '陈92', '自由职业者', '', '', '篮球'), ('陈10', '1616466010', '男', '汉族', '群众', '5/2/1997', '江苏省苏州市昆山市', '320583199804122568', '江苏省', '昆山市', '苏州大学', '工学院', '计算机科学与技术', '在校', '9/1/2016', '7/1/2020', '江苏省苏州市昆山市', '13913271910', 'QQ', 'AB型', '褐色', '黄色', '陈101', '为国家工作', '陈02', '自由职业者', '', '', '篮球'), ('陈1', '1616466001', '男', '汉族', '群众', '4/12/1998', '江苏省苏州市昆山市', '320583199804122568', '浙江省', '昆山市', '苏州大学', '工学院', '计算机科学与技术', '毕业', '9/1/2016', '7/1/2020', '江苏省苏州市昆山市', '13913271901', 'QQ', 'AB型', '褐色', '黄色', '陈11', '为国家工作', '陈12', '自由职业者', '', '', '篮球'), ('陈2', '1616466002', '女', '汉族', '群众', '4/5/1997', '江苏省苏州市昆山市', '320583199704052565', '浙江省', '昆山市', '苏州大学', '工学院', '计算机科学与技术', '在校', '9/1/2016', '7/1/2020', '江苏省苏州市昆山市', '13913271902', 'QQ', 'AB型', '褐色', '黄色', '陈21', '为国家工作', '陈22', '自由职业者', '', '', '篮球'), ('陈3', '1616466003', '男', '汉族', '群众', '12/1/1997', '江苏省苏州市昆山市', '320583199804122568', '河北省', '昆山市', '苏州大学', '工学院', '计算机科学与技术', '在校', '1/9/2016', '1/7/2020', '江苏省苏州市昆山市', '13913271903', 'QQ', 'AB型', '褐色', '黄色', '陈31', '为国家工作', '陈32', '自由职业者', '', '', '篮球'), ('陈4', '1616466004', '男', '汉族', '群众', '1/1/2000', '江苏省苏州市昆山市', '320583199804122568', '安徽省', '昆山市', '苏州大学', '工学院', '计算机科学与技术', '在校', '1/9/2016', '1/7/2020', '江苏省苏州市昆山市', '13913271904', 'QQ', 'AB型', '褐色', '黄色', '陈41', '为国家工作', '陈42', '自由职业者', '', '', '篮球'), ('陈5', '1616466005', '男', '汉族', '群众', '2/7/1997', '江苏省苏州市昆山市', '320583199804122568', '江苏省', '昆山市', '苏州大学', '工学院', '计算机科学与技术', '在校', '9/1/2016', '7/1/2020', '江苏省苏州市昆山市', '13913271905', 'QQ', 'AB型', '褐色', '黄色', '陈51', '为国家工作', '陈52', '自由职业者', '', '', '篮球'), ('陈6', '1616466006', '男', '汉族', '群众', '6/6/1997', '江苏省苏州市昆山市', '320583199804122568', '安徽省', '昆山市', '苏州大学', '工学院', '计算机科学与技术', '在校', '1/9/2016', '1/7/2020', '江苏省苏州市昆山市', '13913271906', 'QQ', 'AB型', '褐色', '黄色', '陈61', '为国家工作', '陈62', '自由职业者', '', '', '篮球'), ('陈7', '1616466007', '男', '汉族', '群众', '5/5/1998', '江苏省苏州市昆山市', '320583199804122568', '湖北省', '昆山市', '苏州大学', '工学院', '计算机科学与技术', '在校', '1/9/2016', '1/7/2020', '江苏省苏州市昆山市', '13913271907', 'QQ', 'AB型', '褐色', '黄色', '陈72', '为国家工作', '陈72', '自由职业者', '', '', '篮球'), ('陈8', '1616466008', '男', '汉族', '群众', '2/9/1997', '江苏省苏州市昆山市', '320583199804122568', '浙江省', '昆山市', '苏州大学', '工学院', '计算机科学与技术', '在校', '1/9/2016', '1/7/2020', '江苏省苏州市昆山市', '13913271908', 'QQ', 'AB型', '褐色', '黄色', '陈81', '为国家工作', '陈82', '自由职业者', '', '', '篮球'), ('陈9', '1616466009', '男', '汉族', '群众', '7/7/1998', '江苏省苏州市昆山市', '320583199804122568', '江苏省', '昆山市', '苏州大学', '工学院', '计算机科学与技术', '在校', '9/1/2016', '7/1/2020', '江苏省苏州市昆山市', '13913271909', 'QQ', 'AB型', '褐色', '黄色', '陈91', '为国家工作', '陈92', '自由职业者', '', '', '篮球'), ('陈10', '1616466010', '男', '汉族', '群众', '5/2/1997', '江苏省苏州市昆山市', '320583199804122568', '江苏省', '昆山市', '苏州大学', '工学院', '计算机科学与技术', '在校', '9/1/2016', '7/1/2020', '江苏省苏州市昆山市', '13913271910', 'QQ', 'AB型', '褐色', '黄色', '陈101', '为国家工作', '陈02', '自由职业者', '', '', '篮球'), ('陈1', '1616466001', '男', '汉族', '群众', '4/12/1998', '江苏省苏州市昆山市', '320583199804122568', '浙江省', '昆山市', '苏州大学', '工学院', '计算机科学与技术', '毕业', '9/1/2016', '7/1/2020', '江苏省苏州市昆山市', '13913271901', 'QQ', 'AB型', '褐色', '黄色', '陈11', '为国家工作', '陈12', '自由职业者', '', '', '篮球'), ('陈2', '1616466002', '女', '汉族', '群众', '4/5/1997', '江苏省苏州市昆山市', '320583199704052565', '浙江省', '昆山市', '苏州大学', '工学院', '计算机科学与技术', '在校', '9/1/2016', '7/1/2020', '江苏省苏州市昆山市', '13913271902', 'QQ', 'AB型', '褐色', '黄色', '陈21', '为国家工作', '陈22', '自由职业者', '', '', '篮球'), ('陈3', '1616466003', '男', '汉族', '群众', '12/1/1997', '江苏省苏州市昆山市', '320583199804122568', '河北省', '昆山市', '苏州大学', '工学院', '计算机科学与技术', '在校', '1/9/2016', '1/7/2020', '江苏省苏州市昆山市', '13913271903', 'QQ', 'AB型', '褐色', '黄色', '陈31', '为国家工作', '陈32', '自由职业者', '', '', '篮球'), ('陈4', '1616466004', '男', '汉族', '群众', '1/1/2000', '江苏省苏州市昆山市', '320583199804122568', '安徽省', '昆山市', '苏州大学', '工学院', '计算机科学与技术', '在校', '1/9/2016', '1/7/2020', '江苏省苏州市昆山市', '13913271904', 'QQ', 'AB型', '褐色', '黄色', '陈41', '为国家工作', '陈42', '自由职业者', '', '', '篮球'), ('陈5', '1616466005', '男', '汉族', '群众', '2/7/1997', '江苏省苏州市昆山市', '320583199804122568', '江苏省', '昆山市', '苏州大学', '工学院', '计算机科学与技术', '在校', '9/1/2016', '7/1/2020', '江苏省苏州市昆山市', '13913271905', 'QQ', 'AB型', '褐色', '黄色', '陈51', '为国家工作', '陈52', '自由职业者', '', '', '篮球'), ('陈6', '1616466006', '男', '汉族', '群众', '6/6/1997', '江苏省苏州市昆山市', '320583199804122568', '安徽省', '昆山市', '苏州大学', '工学院', '计算机科学与技术', '在校', '1/9/2016', '1/7/2020', '江苏省苏州市昆山市', '13913271906', 'QQ', 'AB型', '褐色', '黄色', '陈61', '为国家工作', '陈62', '自由职业者', '', '', '篮球'), ('陈7', '1616466007', '男', '汉族', '群众', '5/5/1998', '江苏省苏州市昆山市', '320583199804122568', '湖北省', '昆山市', '苏州大学', '工学院', '计算机科学与技术', '在校', '1/9/2016', '1/7/2020', '江苏省苏州市昆山市', '13913271907', 'QQ', 'AB型', '褐色', '黄色', '陈72', '为国家工作', '陈72', '自由职业者', '', '', '篮球'), ('陈8', '1616466008', '男', '汉族', '群众', '2/9/1997', '江苏省苏州市昆山市', '320583199804122568', '浙江省', '昆山市', '苏州大学', '工学院', '计算机科学与技术', '在校', '1/9/2016', '1/7/2020', '江苏省苏州市昆山市', '13913271908', 'QQ', 'AB型', '褐色', '黄色', '陈81', '为国家工作', '陈82', '自由职业者', '', '', '篮球'), ('陈9', '1616466009', '男', '汉族', '群众', '7/7/1998', '江苏省苏州市昆山市', '320583199804122568', '江苏省', '昆山市', '苏州大学', '工学院', '计算机科学与技术', '在校', '9/1/2016', '7/1/2020', '江苏省苏州市昆山市', '13913271909', 'QQ', 'AB型', '褐色', '黄色', '陈91', '为国家工作', '陈92', '自由职业者', '', '', '篮球'), ('陈10', '1616466010', '男', '汉族', '群众', '5/2/1997', '江苏省苏州市昆山市', '320583199804122568', '江苏省', '昆山市', '苏州大学', '工学院', '计算机科学与技术', '在校', '9/1/2016', '7/1/2020', '江苏省苏州市昆山市', '13913271910', 'QQ', 'AB型', '褐色', '黄色', '陈101', '为国家工作', '陈02', '自由职业者', '', '', '篮球'), ('陈1', '1616466001', '男', '汉族', '群众', '4/12/1998', '江苏省苏州市昆山市', '320583199804122568', '浙江省', '昆山市', '苏州大学', '工学院', '计算机科学与技术', '毕业', '9/1/2016', '7/1/2020', '江苏省苏州市昆山市', '13913271901', 'QQ', 'AB型', '褐色', '黄色', '陈11', '为国家工作', '陈12', '自由职业者', '', '', '篮球'), ('陈2', '1616466002', '女', '汉族', '群众', '4/5/1997', '江苏省苏州市昆山市', '320583199704052565', '浙江省', '昆山市', '苏州大学', '工学院', '计算机科学与技术', '在校', '9/1/2016', '7/1/2020', '江苏省苏州市昆山市', '13913271902', 'QQ', 'AB型', '褐色', '黄色', '陈21', '为国家工作', '陈22', '自由职业者', '', '', '篮球'), ('陈3', '1616466003', '男', '汉族', '群众', '12/1/1997', '江苏省苏州市昆山市', '320583199804122568', '河北省', '昆山市', '苏州大学', '工学院', '计算机科学与技术', '在校', '1/9/2016', '1/7/2020', '江苏省苏州市昆山市', '13913271903', 'QQ', 'AB型', '褐色', '黄色', '陈31', '为国家工作', '陈32', '自由职业者', '', '', '篮球'), ('陈4', '1616466004', '男', '汉族', '群众', '1/1/2000', '江苏省苏州市昆山市', '320583199804122568', '安徽省', '昆山市', '苏州大学', '工学院', '计算机科学与技术', '在校', '1/9/2016', '1/7/2020', '江苏省苏州市昆山市', '13913271904', 'QQ', 'AB型', '褐色', '黄色', '陈41', '为国家工作', '陈42', '自由职业者', '', '', '篮球'), ('陈5', '1616466005', '男', '汉族', '群众', '2/7/1997', '江苏省苏州市昆山市', '320583199804122568', '江苏省', '昆山市', '苏州大学', '工学院', '计算机科学与技术', '在校', '9/1/2016', '7/1/2020', '江苏省苏州市昆山市', '13913271905', 'QQ', 'AB型', '褐色', '黄色', '陈51', '为国家工作', '陈52', '自由职业者', '', '', '篮球'), ('陈6', '1616466006', '男', '汉族', '群众', '6/6/1997', '江苏省苏州市昆山市', '320583199804122568', '安徽省', '昆山市', '苏州大学', '工学院', '计算机科学与技术', '在校', '1/9/2016', '1/7/2020', '江苏省苏州市昆山市', '13913271906', 'QQ', 'AB型', '褐色', '黄色', '陈61', '为国家工作', '陈62', '自由职业者', '', '', '篮球'), ('陈7', '1616466007', '男', '汉族', '群众', '5/5/1998', '江苏省苏州市昆山市', '320583199804122568', '湖北省', '昆山市', '苏州大学', '工学院', '计算机科学与技术', '在校', '1/9/2016', '1/7/2020', '江苏省苏州市昆山市', '13913271907', 'QQ', 'AB型', '褐色', '黄色', '陈72', '为国家工作', '陈72', '自由职业者', '', '', '篮球'), ('陈8', '1616466008', '男', '汉族', '群众', '2/9/1997', '江苏省苏州市昆山市', '320583199804122568', '浙江省', '昆山市', '苏州大学', '工学院', '计算机科学与技术', '在校', '1/9/2016', '1/7/2020', '江苏省苏州市昆山市', '13913271908', 'QQ', 'AB型', '褐色', '黄色', '陈81', '为国家工作', '陈82', '自由职业者', '', '', '篮球'), ('陈9', '1616466009', '男', '汉族', '群众', '7/7/1998', '江苏省苏州市昆山市', '320583199804122568', '江苏省', '昆山市', '苏州大学', '工学院', '计算机科学与技术', '在校', '9/1/2016', '7/1/2020', '江苏省苏州市昆山市', '13913271909', 'QQ', 'AB型', '褐色', '黄色', '陈91', '为国家工作', '陈92', '自由职业者', '', '', '篮球'), ('陈10', '1616466010', '男', '汉族', '群众', '5/2/1997', '江苏省苏州市昆山市', '320583199804122568', '江苏省', '昆山市', '苏州大学', '工学院', '计算机科学与技术', '在校', '9/1/2016', '7/1/2020', '江苏省苏州市昆山市', '13913271910', 'QQ', 'AB型', '褐色', '黄色', '陈101', '为国家工作', '陈02', '自由职业者', '', '', '篮球'), ('陈1', '1616466001', '男', '汉族', '群众', '4/12/1998', '江苏省苏州市昆山市', '320583199804122568', '浙江省', '昆山市', '苏州大学', '工学院', '计算机科学与技术', '毕业', '9/1/2016', '7/1/2020', '江苏省苏州市昆山市', '13913271901', 'QQ', 'AB型', '褐色', '黄色', '陈11', '为国家工作', '陈12', '自由职业者', '', '', '篮球'), ('陈2', '1616466002', '女', '汉族', '群众', '4/5/1997', '江苏省苏州市昆山市', '320583199704052565', '浙江省', '昆山市', '苏州大学', '工学院', '计算机科学与技术', '在校', '9/1/2016', '7/1/2020', '江苏省苏州市昆山市', '13913271902', 'QQ', 'AB型', '褐色', '黄色', '陈21', '为国家工作', '陈22', '自由职业者', '', '', '篮球'), ('陈3', '1616466003', '男', '汉族', '群众', '12/1/1997', '江苏省苏州市昆山市', '320583199804122568', '河北省', '昆山市', '苏州大学', '工学院', '计算机科学与技术', '在校', '1/9/2016', '1/7/2020', '江苏省苏州市昆山市', '13913271903', 'QQ', 'AB型', '褐色', '黄色', '陈31', '为国家工作', '陈32', '自由职业者', '', '', '篮球'), ('陈4', '1616466004', '男', '汉族', '群众', '1/1/2000', '江苏省苏州市昆山市', '320583199804122568', '安徽省', '昆山市', '苏州大学', '工学院', '计算机科学与技术', '在校', '1/9/2016', '1/7/2020', '江苏省苏州市昆山市', '13913271904', 'QQ', 'AB型', '褐色', '黄色', '陈41', '为国家工作', '陈42', '自由职业者', '', '', '篮球'), ('陈5', '1616466005', '男', '汉族', '群众', '2/7/1997', '江苏省苏州市昆山市', '320583199804122568', '江苏省', '昆山市', '苏州大学', '工学院', '计算机科学与技术', '在校', '9/1/2016', '7/1/2020', '江苏省苏州市昆山市', '13913271905', 'QQ', 'AB型', '褐色', '黄色', '陈51', '为国家工作', '陈52', '自由职业者', '', '', '篮球'), ('陈6', '1616466006', '男', '汉族', '群众', '6/6/1997', '江苏省苏州市昆山市', '320583199804122568', '安徽省', '昆山市', '苏州大学', '工学院', '计算机科学与技术', '在校', '1/9/2016', '1/7/2020', '江苏省苏州市昆山市', '13913271906', 'QQ', 'AB型', '褐色', '黄色', '陈61', '为国家工作', '陈62', '自由职业者', '', '', '篮球'), ('陈7', '1616466007', '男', '汉族', '群众', '5/5/1998', '江苏省苏州市昆山市', '320583199804122568', '湖北省', '昆山市', '苏州大学', '工学院', '计算机科学与技术', '在校', '1/9/2016', '1/7/2020', '江苏省苏州市昆山市', '13913271907', 'QQ', 'AB型', '褐色', '黄色', '陈72', '为国家工作', '陈72', '自由职业者', '', '', '篮球'), ('陈8', '1616466008', '男', '汉族', '群众', '2/9/1997', '江苏省苏州市昆山市', '320583199804122568', '浙江省', '昆山市', '苏州大学', '工学院', '计算机科学与技术', '在校', '1/9/2016', '1/7/2020', '江苏省苏州市昆山市', '13913271908', 'QQ', 'AB型', '褐色', '黄色', '陈81', '为国家工作', '陈82', '自由职业者', '', '', '篮球'), ('陈9', '1616466009', '男', '汉族', '群众', '7/7/1998', '江苏省苏州市昆山市', '320583199804122568', '江苏省', '昆山市', '苏州大学', '工学院', '计算机科学与技术', '在校', '9/1/2016', '7/1/2020', '江苏省苏州市昆山市', '13913271909', 'QQ', 'AB型', '褐色', '黄色', '陈91', '为国家工作', '陈92', '自由职业者', '', '', '篮球'), ('陈10', '1616466010', '男', '汉族', '群众', '5/2/1997', '江苏省苏州市昆山市', '320583199804122568', '江苏省', '昆山市', '苏州大学', '工学院', '计算机科学与技术', '在校', '9/1/2016', '7/1/2020', '江苏省苏州市昆山市', '13913271910', 'QQ', 'AB型', '褐色', '黄色', '陈101', '为国家工作', '陈02', '自由职业者', '', '', '篮球');
COMMIT;

-- ----------------------------
-- Table structure for subject
-- ----------------------------
DROP TABLE IF EXISTS `subject`;
CREATE TABLE `subject` (
`name`  varchar(20) CHARACTER SET utf8mb4 COLLATE utf8mb4_0900_ai_ci NOT NULL 
)
ENGINE=InnoDB
DEFAULT CHARACTER SET=utf8mb4 COLLATE=utf8mb4_0900_ai_ci

;

-- ----------------------------
-- Records of subject
-- ----------------------------
BEGIN;
INSERT INTO `subject` VALUES ('大学英语1'), ('大学英语2'), ('离散数学'), ('大学英语3'), ('大学英语4');
COMMIT;

-- ----------------------------
-- Table structure for typeofexam
-- ----------------------------
DROP TABLE IF EXISTS `typeofexam`;
CREATE TABLE `typeofexam` (
`name`  varchar(20) CHARACTER SET utf8mb4 COLLATE utf8mb4_0900_ai_ci NOT NULL 
)
ENGINE=InnoDB
DEFAULT CHARACTER SET=utf8mb4 COLLATE=utf8mb4_0900_ai_ci

;

-- ----------------------------
-- Records of typeofexam
-- ----------------------------
BEGIN;
INSERT INTO `typeofexam` VALUES ('通识教育课程'), ('专业必修课程');
COMMIT;

-- ----------------------------
-- Table structure for university
-- ----------------------------
DROP TABLE IF EXISTS `university`;
CREATE TABLE `university` (
`name`  varchar(50) CHARACTER SET utf8mb4 COLLATE utf8mb4_0900_ai_ci NOT NULL 
)
ENGINE=InnoDB
DEFAULT CHARACTER SET=utf8mb4 COLLATE=utf8mb4_0900_ai_ci

;

-- ----------------------------
-- Records of university
-- ----------------------------
BEGIN;
INSERT INTO `university` VALUES ('苏州大学应用技术学院'), ('苏州大学'), ('苏州科技大学'), ('苏州大学文正学院');
COMMIT;

-- ----------------------------
-- Table structure for user
-- ----------------------------
DROP TABLE IF EXISTS `user`;
CREATE TABLE `user` (
`username`  varchar(100) CHARACTER SET utf8mb4 COLLATE utf8mb4_0900_ai_ci NOT NULL ,
`password`  varchar(100) CHARACTER SET utf8mb4 COLLATE utf8mb4_0900_ai_ci NOT NULL ,
`read`  varchar(10) CHARACTER SET utf8mb4 COLLATE utf8mb4_0900_ai_ci NOT NULL ,
`write`  varchar(10) CHARACTER SET utf8mb4 COLLATE utf8mb4_0900_ai_ci NOT NULL ,
`remove`  varchar(10) CHARACTER SET utf8mb4 COLLATE utf8mb4_0900_ai_ci NOT NULL ,
`search`  varchar(10) CHARACTER SET utf8mb4 COLLATE utf8mb4_0900_ai_ci NOT NULL ,
`print`  varchar(10) CHARACTER SET utf8mb4 COLLATE utf8mb4_0900_ai_ci NOT NULL ,
`import`  varchar(10) CHARACTER SET utf8mb4 COLLATE utf8mb4_0900_ai_ci NOT NULL ,
`admin`  varchar(10) CHARACTER SET utf8mb4 COLLATE utf8mb4_0900_ai_ci NOT NULL 
)
ENGINE=InnoDB
DEFAULT CHARACTER SET=utf8mb4 COLLATE=utf8mb4_0900_ai_ci

;

-- ----------------------------
-- Records of user
-- ----------------------------
BEGIN;
INSERT INTO `user` VALUES ('admin', '123456', 'Yes', 'Yes', 'Yes', 'Yes', 'Yes', 'Yes', 'Yes');
COMMIT;

-- ----------------------------
-- Table structure for year
-- ----------------------------
DROP TABLE IF EXISTS `year`;
CREATE TABLE `year` (
`name`  varchar(10) CHARACTER SET utf8mb4 COLLATE utf8mb4_0900_ai_ci NOT NULL 
)
ENGINE=InnoDB
DEFAULT CHARACTER SET=utf8mb4 COLLATE=utf8mb4_0900_ai_ci

;

-- ----------------------------
-- Records of year
-- ----------------------------
BEGIN;
INSERT INTO `year` VALUES ('2019'), ('2018'), ('2017'), ('2020');
COMMIT;
